{"action": {"mean": [0.2667084336280823, -0.4448317587375641, 0.13720601797103882, 1.557624101638794, 0.07011418044567108, -0.06813928484916687, 0.3665238320827484, 0.6334761381149292], "std": [0.2705124020576477, 0.07194890081882477, 0.10127738118171692, 0.00131993496324867, 0.001694193109869957, 0.0010035843588411808, 0.48186370730400085, 0.48186370730400085], "max": [0.6413542628288269, -0.27664119005203247, 0.25, 1.5613141059875488, 0.07367564737796783, -0.06307494640350342, 1.0, 1.0], "min": [-0.15864570438861847, -0.5866411924362183, 0.029999999329447746, 1.5525447130203247, 0.0630059763789177, -0.07002588361501694, 0.0, 0.0], "q01": [-0.15858407467603683, -0.5804854363203049, 0.029999999329447746, 1.5536532878875733, 0.0649732381105423, -0.06972265243530273, 0.0, 0.0], "q99": [0.6413542628288269, -0.2766577214002609, 0.25, 1.5600215315818786, 0.07306597642600536, -0.0652443751692772, 1.0, 1.0]}, "proprio": {"mean": [0.26268208026885986, -0.4446870982646942, 0.1368994116783142, 1.5576189756393433, 0.0701114609837532, -0.06813201308250427, 0.3665238320827484], "std": [0.2681182622909546, 0.07173866033554077, 0.1009843721985817, 0.0013213007478043437, 0.0016968725249171257, 0.0010093830060213804, 0.48186370730400085], "max": [0.6414554715156555, -0.27661725878715515, 0.2503741383552551, 1.5612947940826416, 0.07371538877487183, -0.06304753571748734, 1.0], "min": [-0.1586732566356659, -0.5866812467575073, 0.029876235872507095, 1.5525119304656982, 0.06295862793922424, -0.0700741782784462, 0.0], "q01": [-0.15857906267046928, -0.5804602771997451, 0.02994678933173418, 1.5536438703536988, 0.0649404063820839, -0.06972143054008484, 0.0], "q99": [0.6413755208253861, -0.27666095048189165, 0.25020740628242494, 1.5600171983242035, 0.07306614182889462, -0.06520198844373226, 1.0]}, "num_transitions": 10736, "num_trajectories": 100}